,true,pred,class
0,1446.0,2630.099853515625,2
1,25.0,949.7264404296875,0
2,0.0,654.3291625976562,0
3,1559.0,1246.3634033203125,2
4,7551.0,1992.976806640625,3
5,988.0,1229.06591796875,2
6,7444.0,4425.68310546875,3
7,42055.0,4336.82861328125,3
8,21.0,685.2926635742188,0
9,47.0,1361.0662841796875,0
10,955.0,2210.81982421875,2
11,77.0,1953.0089111328125,0
12,4017.0,4259.06494140625,3
13,19.0,557.906494140625,0
14,762.0,1644.6314697265625,2
15,37.0,901.473876953125,0
16,11992.0,2496.01904296875,3
17,953.0,1216.4896240234375,2
18,8020.0,1480.147705078125,3
19,396.0,518.4711303710938,1
20,61.0,1023.2391357421875,0
21,40.0,931.2366943359375,0
22,447.0,1164.730712890625,1
23,2866.0,3872.5810546875,3
24,188.0,779.797607421875,1
25,1036.0,1557.6322021484375,2
26,5211.0,2268.489013671875,3
27,1639.0,761.421875,2
28,10.0,896.470458984375,0
29,1034.0,967.6829223632812,2
30,7328.0,4171.744140625,3
31,1456.0,1747.9346923828125,2
32,1503.0,1466.21630859375,2
33,2105.0,1195.07373046875,3
34,460.0,1262.7490234375,1
35,246.0,827.9605712890625,1
36,724.0,603.5338745117188,2
37,5045.0,1367.364990234375,3
38,406.0,474.6560974121094,1
39,1052.0,475.7477111816406,2
40,616.0,472.2088928222656,2
41,4568.0,528.4000854492188,3
42,11.0,739.4406127929688,0
43,2609.0,670.506103515625,3
44,404.0,277.7084045410156,1
45,1943.0,303.2812805175781,2
46,44.0,177.25379943847656,0
47,233.0,203.5080108642578,1
48,1698.0,232.73263549804688,2
49,4806.0,2123.22509765625,3
50,757.0,3519.477783203125,2
51,3.0,238.2708282470703,0
52,3840.0,501.2409362792969,3
53,82.0,891.948486328125,0
54,109.0,411.1987609863281,0
55,930.0,606.658203125,2
56,61.0,297.76171875,0
57,2159.0,2130.936767578125,3
58,346.0,540.4991455078125,1
59,1185.0,645.51806640625,2
60,4164.0,1435.23486328125,3
61,394.0,99.50239562988281,1
62,1111.0,153.7788848876953,2
63,51.0,729.9457397460938,0
64,300.0,648.8199462890625,1
65,2312.0,682.8425903320312,3
66,2320.0,305.31103515625,3
67,24.0,198.69436645507812,0
68,188.0,131.80947875976562,1
69,38.0,152.18685913085938,0
70,50.0,223.2978515625,0
71,2042.0,844.5648193359375,3
72,230.0,236.55105590820312,1
73,109.0,95.7642822265625,0
74,9.0,142.22909545898438,0
75,1783.0,935.3529052734375,2
76,0.0,765.8894653320312,0
77,34.0,289.11578369140625,0
78,1474.0,534.45751953125,2
79,1343.0,611.095458984375,2
80,309.0,120.5824966430664,1
81,341.0,681.4548950195312,1
82,114.0,557.720458984375,0
83,45.0,1176.150634765625,0
84,2197.0,878.3672485351562,3
85,2353.0,782.0272216796875,3
86,327.0,310.8884582519531,1
87,0.0,102.40189361572266,0
88,740.0,1604.9676513671875,2
89,5717.0,508.98773193359375,3
90,644.0,553.0294799804688,2
91,115.0,427.58489990234375,0
92,456.0,660.1190795898438,1
93,4767.0,1358.0615234375,3
94,28.0,607.2523193359375,0
95,155.0,295.4297790527344,1
96,1048.0,132.89849853515625,2
97,1111.0,549.3133544921875,2
98,770.0,149.65811157226562,2
99,1184.0,1457.6929931640625,2
100,3540.0,1110.246826171875,3
101,92.0,209.1132354736328,0
102,0.0,352.2515869140625,0
103,247.0,295.80377197265625,1
104,21.0,979.8324584960938,0
105,190.0,855.1505737304688,1
106,358.0,2134.7978515625,1
107,182.0,2159.500732421875,1
108,171.0,1689.2669677734375,1
109,642.0,1416.8953857421875,2
110,0.0,1268.1671142578125,0
111,4420.0,4627.75634765625,3
112,290.0,2059.439697265625,1
113,132.0,3014.921875,0
114,450.0,1650.87255859375,1
115,536.0,864.9742431640625,1
116,243.0,970.6160278320312,1
117,63.0,798.9970092773438,0
118,4159.0,2029.253662109375,3
119,26.0,1088.267333984375,0
120,302.0,2020.3392333984375,1
121,4.0,1643.077392578125,0
122,372.0,1061.68310546875,1
123,56.0,2707.379150390625,0
124,2261.0,4996.1650390625,3
125,68.0,2483.964111328125,0
126,227.0,2160.466552734375,1
127,215.0,1642.9998779296875,1
128,122.0,2856.163330078125,0
129,41.0,1618.9560546875,0
130,150.0,899.3207397460938,1
131,125.0,1824.1575927734375,0
132,146.0,1775.0323486328125,0
133,294.0,910.501220703125,1
134,109663.0,5270.017578125,3
135,43052.0,1959.297607421875,3
136,4774.0,538.78857421875,3
137,1406.0,1136.5123291015625,2
138,6890.0,2186.081787109375,3
139,16478.0,966.7933349609375,3
140,154.0,881.0217895507812,1
141,905.0,2199.841064453125,2
142,7400.0,6333.9375,3
143,3163.0,1490.7161865234375,3
144,5030.0,1300.3751220703125,3
145,804.0,1101.8585205078125,2
146,1907.0,1554.0626220703125,2
147,304.0,782.4706420898438,1
148,1856.0,1092.5927734375,2
149,581.0,1662.0078125,1
150,4007.0,1962.095947265625,3
151,771.0,2533.455810546875,2
152,211.0,1595.6077880859375,1
153,694.0,729.5446166992188,2
154,967.0,987.4912109375,2
155,198.0,730.9907836914062,1
156,229.0,1786.1153564453125,1
157,826.0,2582.821533203125,2
158,250.0,1058.6724853515625,1
159,314.0,788.6974487304688,1
160,1340.0,3008.586669921875,2
161,13986.0,3379.17578125,3
162,15585.0,2856.707275390625,3
163,26746.0,2731.413330078125,3
164,16976.0,3131.255859375,3
165,11875.0,3214.5458984375,3
166,843.0,888.8162841796875,2
167,26943.0,4627.4384765625,3
168,10752.0,4331.9521484375,3
169,14314.0,1762.262451171875,3
170,2668.0,1049.8275146484375,3
171,7572.0,461.94580078125,3
172,5750.0,1438.9112548828125,3
173,5642.0,3442.522216796875,3
174,38016.0,1284.853759765625,3
175,11079.0,4131.45703125,3
176,6810.0,728.6976318359375,3
177,30115.0,3844.677001953125,3
178,3457.0,2066.6298828125,3
179,23483.0,2288.09033203125,3
180,77116.0,5218.7744140625,3
181,5866.0,593.1703491210938,3
182,4293.0,3116.420166015625,3
183,13597.0,2662.229248046875,3
184,2224.0,978.5662231445312,3
185,6183.0,4047.19775390625,3
186,5908.0,2995.885498046875,3
187,16133.0,3761.951171875,3
188,6586.0,1347.156982421875,3
189,15494.0,1031.605224609375,3
190,12824.0,3657.490234375,3
191,7417.0,2300.561279296875,3
192,21242.0,931.0255737304688,3
193,1053.0,568.75,2
194,11083.0,1311.9351806640625,3
195,1416.0,597.3733520507812,2
196,20349.0,3117.52734375,3
197,1320.0,829.8438110351562,2
198,5867.0,618.1478881835938,3
199,2322.0,324.7926330566406,3
200,3323.0,922.6694946289062,3
201,16563.0,4727.01806640625,3
202,4289.0,1173.4642333984375,3
203,2676.0,979.5923461914062,3
204,3931.0,1436.2607421875,3
205,8542.0,1558.87255859375,3
206,27439.0,1166.54638671875,3
207,3623.0,482.450439453125,3
208,4211.0,1612.1734619140625,3
209,4955.0,1074.303955078125,3
210,1194.0,239.29559326171875,2
211,1103.0,867.98193359375,2
212,2744.0,1046.9630126953125,3
213,450.0,555.6272583007812,1
214,552.0,529.0092163085938,1
215,5464.0,657.919677734375,3
216,1700.0,1540.1727294921875,2
217,6329.0,1826.9139404296875,3
218,3612.0,1347.583740234375,3
219,967.0,339.2425537109375,2
220,943.0,877.9195556640625,2
221,812.0,1136.4493408203125,2
222,1812.0,983.58447265625,2
223,1315.0,1510.438232421875,2
224,1197.0,498.6058349609375,2
225,1196.0,612.3015747070312,2
226,3464.0,1828.3017578125,3
227,1949.0,1655.2891845703125,3
228,436.0,845.0918579101562,1
229,1554.0,824.8058471679688,2
230,507.0,323.10931396484375,1
231,2710.0,1485.49267578125,3
232,12400.0,3612.390869140625,3
233,7128.0,1909.77783203125,3
234,2202.0,386.4678955078125,3
235,1660.0,2172.46826171875,2
236,784.0,562.231689453125,2
237,1418.0,656.0645141601562,2
238,3350.0,781.53515625,3
239,526.0,696.980712890625,1
240,6765.0,3145.160400390625,3
241,1188.0,516.3270874023438,2
242,1140.0,731.9510498046875,2
243,1218.0,604.7098999023438,2
244,2097.0,1077.4693603515625,3
245,2218.0,1229.295654296875,3
246,651.0,1318.7381591796875,2
247,3284.0,756.38037109375,3
248,4719.0,1099.7344970703125,3
249,1728.0,2117.736572265625,2
250,1458.0,715.9744262695312,2
251,1074.0,572.3131103515625,2
252,1669.0,1432.915771484375,2
253,1402.0,1570.6878662109375,2
254,1791.0,3335.93896484375,2
255,2604.0,1320.806884765625,3
256,3201.0,2399.61669921875,3
257,1702.0,1129.5255126953125,2
258,6348.0,1265.408203125,3
259,1942.0,2050.7119140625,2
260,3446.0,947.3499145507812,3
261,6251.0,2010.176025390625,3
262,2568.0,837.9865112304688,3
263,1977.0,479.2249450683594,3
264,992.0,679.405517578125,2
265,2609.0,2336.10205078125,3
266,329.0,741.7847900390625,1
267,1832.0,347.4618835449219,2
268,912.0,1603.8873291015625,2
269,7956.0,3591.273681640625,3
270,2385.0,856.0963134765625,3
271,2098.0,1037.67138671875,3
272,912.0,732.0338134765625,2
273,1564.0,987.62939453125,2
274,1584.0,639.1326293945312,2
275,756.0,1375.453125,2
276,1774.0,532.2753295898438,2
277,1360.0,1085.01220703125,2
278,3860.0,2348.1484375,3
279,2358.0,1798.340087890625,3
280,1032.0,566.8696899414062,2
281,4346.0,1382.47314453125,3
282,1360.0,2357.148681640625,2
283,2533.0,1262.03369140625,3
284,738.0,1881.7664794921875,2
285,1915.0,2378.37646484375,2
286,892.0,468.5967712402344,2
287,983.0,1159.7078857421875,2
288,109.0,323.37493896484375,0
289,3711.0,2135.955078125,3
290,496.0,2125.5986328125,1
291,854.0,447.3967590332031,2
292,3536.0,1696.7181396484375,3
293,4445.0,1394.257080078125,3
294,880.0,630.8673706054688,2
295,3547.0,607.0869140625,3
296,407.0,723.27490234375,1
297,681.0,624.2645874023438,2
298,4096.0,1392.388916015625,3
299,340.0,999.0557861328125,1
300,3247.0,1907.8846435546875,3
301,3515.0,1669.4736328125,3
302,802.0,267.33843994140625,2
303,244.0,330.82366943359375,1
304,1140.0,617.6838989257812,2
305,2138.0,224.10501098632812,3
306,4051.0,989.9426879882812,3
307,11645.0,2053.27392578125,3
308,2763.0,686.9381713867188,3
309,363.0,167.86212158203125,1
310,442.0,104.5307846069336,1
311,499.0,311.67864990234375,1
312,1264.0,1778.6883544921875,2
313,1703.0,1111.4197998046875,2
314,3551.0,1575.8773193359375,3
315,448.0,1113.80322265625,1
316,2144.0,684.1324462890625,3
317,3148.0,2459.0390625,3
318,884.0,283.9286193847656,2
319,797.0,537.9203491210938,2
320,2004.0,718.9866333007812,3
321,892.0,1446.2642822265625,2
322,942.0,386.6751403808594,2
323,351.0,437.91070556640625,1
324,1679.0,382.3452453613281,2
325,4681.0,1327.9921875,3
326,4354.0,578.5709838867188,3
327,2476.0,1902.069091796875,3
328,1493.0,2557.113037109375,2
329,1373.0,1018.3528442382812,2
330,1893.0,4121.86181640625,2
331,1813.0,1026.8870849609375,2
332,1914.0,169.87612915039062,2
333,1229.0,2166.437744140625,2
334,5896.0,785.2473754882812,3
335,5605.0,2701.22607421875,3
336,2772.0,496.4375,3
337,1967.0,1303.3848876953125,3
338,2344.0,734.56396484375,3
339,497.0,646.4890747070312,1
340,2786.0,3482.05712890625,3
341,1697.0,698.6215209960938,2
342,192.0,903.9844360351562,1
343,3790.0,3083.488525390625,3
344,2033.0,477.0641784667969,3
345,2214.0,716.7050170898438,3
346,2288.0,784.862060546875,3
347,2507.0,521.0922241210938,3
348,723.0,996.4326171875,2
349,849.0,272.55718994140625,2
350,2788.0,2554.590576171875,3
351,744.0,1908.990966796875,2
352,9927.0,3192.77685546875,3
353,61.0,253.28245544433594,0
354,244.0,631.8148803710938,1
355,505.0,318.94439697265625,1
356,2865.0,647.7831420898438,3
357,1134.0,1353.02001953125,2
358,6960.0,1400.769287109375,3
359,1356.0,1597.845458984375,2
360,2453.0,1727.7801513671875,3
361,1980.0,1716.75341796875,3
362,1797.0,2681.484130859375,2
363,798.0,1676.1256103515625,2
364,606.0,690.2432861328125,1
365,4877.0,2201.861572265625,3
366,1384.0,1875.00927734375,2
367,6553.0,4740.06201171875,3
368,982.0,1100.9066162109375,2
369,554.0,1287.25390625,1
370,490.0,991.5870971679688,1
371,604.0,517.18359375,1
372,2089.0,3027.08203125,3
373,893.0,1920.446533203125,2
374,2879.0,1687.5072021484375,3
375,3853.0,3305.01708984375,3
376,5270.0,2976.45068359375,3
377,1248.0,769.3407592773438,2
378,194.0,1791.8499755859375,1
379,700.0,481.2569580078125,2
380,4424.0,3982.76953125,3
381,1357.0,956.0076904296875,2
382,2672.0,2429.96337890625,3
383,1767.0,1601.0697021484375,2
384,760.0,1131.6885986328125,2
385,609.0,1196.6268310546875,1
386,484.0,428.03662109375,1
387,2690.0,1043.7147216796875,3
388,2188.0,590.9601440429688,3
389,428.0,1266.013671875,1
390,615.0,993.8334350585938,2
391,5423.0,4090.185791015625,3
392,72.0,870.4231567382812,0
393,6584.0,3877.3720703125,3
394,1081.0,1029.6790771484375,2
395,875.0,1545.082763671875,2
396,356.0,867.0035400390625,1
397,545.0,1769.8023681640625,1
398,932.0,918.7289428710938,2
399,768.0,1705.524169921875,2
400,41599.0,1827.945556640625,3
401,1930.0,1070.6934814453125,2
402,2868.0,1325.1912841796875,3
403,1057.0,1365.1998291015625,2
404,3721.0,2209.631591796875,3
405,1954.0,1237.12939453125,3
406,3760.0,971.107666015625,3
407,2913.0,1097.8768310546875,3
408,1047.0,1429.134765625,2
409,622.0,574.0569458007812,2
410,540.0,557.5516967773438,1
411,20245.0,3626.091796875,3
412,308.0,585.3961791992188,1
413,1486.0,773.2920532226562,2
414,359.0,1014.7421264648438,1
415,536.0,806.12646484375,1
416,1218.0,1046.4755859375,2
417,1148.0,1369.254150390625,2
418,1336.0,1615.66357421875,2
419,403.0,553.5179443359375,1
420,6480.0,2676.071044921875,3
421,3484.0,2230.731201171875,3
422,1052.0,1497.8372802734375,2
423,4631.0,591.4955444335938,3
424,6152.0,785.9075317382812,3
425,1624.0,922.3441162109375,2
426,1398.0,1475.7032470703125,2
427,4005.0,400.2629699707031,3
428,503.0,1321.5958251953125,1
429,1398.0,2398.021240234375,2
430,5471.0,3581.628173828125,3
431,2643.0,1015.2019653320312,3
432,95.0,712.5615844726562,0
433,165.0,1327.3558349609375,1
434,1863.0,3904.210205078125,2
435,3657.0,1425.3095703125,3
436,1028.0,1414.20703125,2
437,534.0,639.4600219726562,1
438,393.0,835.5777587890625,1
439,2809.0,2035.2939453125,3
440,2958.0,1566.1527099609375,3
441,3488.0,2385.76806640625,3
442,845.0,1086.6341552734375,2
443,1756.0,1230.0595703125,2
444,977.0,1850.88232421875,2
445,291.0,414.1355285644531,1
446,408.0,2208.26123046875,1
447,8890.0,2824.541259765625,3
448,761.0,1295.6376953125,2
449,2347.0,1599.2838134765625,3
450,12948.0,3846.026611328125,3
451,851.0,1801.7940673828125,2
452,2528.0,868.5997314453125,3
453,7924.0,3438.366455078125,3
454,21349.0,2548.871826171875,3
455,1596.0,938.831787109375,2
456,21586.0,2887.253662109375,3
457,612.0,771.1256713867188,2
458,334.0,1089.039794921875,1
459,710.0,1335.4669189453125,2
460,2918.0,3151.3583984375,3
461,184.0,1004.068359375,1
462,548.0,621.0406494140625,1
463,2700.0,1501.400634765625,3
464,1118.0,4086.062744140625,2
465,1301.0,952.6178588867188,2
466,1004.0,329.123046875,2
467,630.0,1206.4500732421875,2
468,1489.0,2071.145751953125,2
469,1097.0,1928.853515625,2
470,527.0,973.7704467773438,1
471,3417.0,1427.81640625,3
472,457.0,895.8009033203125,1
473,2703.0,1586.4627685546875,3
474,2119.0,1255.0225830078125,3
475,49990.0,2643.5810546875,3
476,1377.0,5030.64501953125,2
477,692.0,963.2015380859375,2
478,1412.0,1254.111083984375,2
479,5392.0,1739.4774169921875,3
480,3746.0,2418.439208984375,3
481,3444.0,980.7963256835938,3
482,443.0,3045.013671875,1
483,1061.0,808.22021484375,2
484,2878.0,2910.017822265625,3
485,408.0,927.3297729492188,1
486,2198.0,1103.1707763671875,3
487,702.0,495.9155578613281,2
488,745.0,883.9329833984375,2
489,396.0,490.4242248535156,1
490,393.0,128.49258422851562,1
491,90027.0,3147.13818359375,3
492,7925.0,411.7074279785156,3
493,2296.0,4482.18212890625,3
494,2132.0,913.8347778320312,3
495,423.0,1370.5360107421875,1
496,207.0,292.68487548828125,1
497,591.0,518.4491577148438,1
498,604.0,123.02266693115234,1
499,3596.0,121.75314331054688,3
500,6338.0,590.4876098632812,3
501,61.0,100.21070861816406,0
502,415.0,312.8042907714844,1
503,17904.0,3291.6484375,3
504,27058.0,3839.17578125,3
505,567.0,826.096435546875,1
506,85.0,140.35841369628906,0
507,101.0,177.89739990234375,0
508,3468.0,291.2391357421875,3
509,71.0,89.1563949584961,0
510,432.0,94.55622100830078,1
511,810.0,1531.81982421875,2
512,785.0,1898.7939453125,2
513,443.0,1025.2537841796875,1
514,3912.0,752.1458740234375,3
515,171.0,107.62727355957031,1
516,13325.0,2405.923828125,3
517,5064.0,1325.185302734375,3
518,540.0,381.73883056640625,1
519,422.0,433.3544006347656,1
520,5371.0,2032.2208251953125,3
521,457.0,233.9901123046875,1
522,1710.0,1885.4862060546875,2
523,146.0,349.8127136230469,0
524,2055.0,1184.7464599609375,3
525,4120.0,3976.230224609375,3
526,1291.0,264.5531311035156,2
527,468.0,834.0830688476562,1
528,1458.0,3478.291748046875,2
529,2810.0,852.014404296875,3
530,679.0,109.36528778076172,2
531,2831.0,671.4509887695312,3
532,148.0,123.2547378540039,0
533,1368.0,1256.4732666015625,2
534,13617.0,391.0437927246094,3
535,265.0,666.7626953125,1
536,9348.0,372.17694091796875,3
537,201.0,873.0863647460938,1
538,692.0,671.2888793945312,2
539,3237.0,2343.825439453125,3
540,2630.0,847.3661499023438,3
541,1298.0,756.473388671875,2
542,1751.0,317.8709411621094,2
543,377.0,304.13360595703125,1
544,828.0,1449.2857666015625,2
545,0.0,511.46783447265625,0
546,5958.0,375.4438171386719,3
547,388.0,1203.867431640625,1
548,87.0,139.6005859375,0
549,710.0,169.74668884277344,2
550,356.0,1003.2535400390625,1
551,546.0,236.3475341796875,1
552,11060.0,3671.25830078125,3
553,806.0,192.38803100585938,2
554,522.0,273.3636779785156,1
555,2332.0,2024.732177734375,3
556,8562.0,2055.3466796875,3
557,365.0,666.6804809570312,1
558,111.0,297.59002685546875,0
559,11301.0,1256.4141845703125,3
560,5997.0,3244.04248046875,3
561,577.0,900.785400390625,1
562,1797.0,1780.4088134765625,2
563,110.0,162.54000854492188,0
564,2764.0,797.3614501953125,3
565,568.0,3230.79931640625,1
566,4253.0,685.7503051757812,3
567,1043.0,351.3708190917969,2
568,824.0,808.6483764648438,2
569,380.0,1018.0447387695312,1
570,315.0,1187.11328125,1
571,465.0,328.95465087890625,1
572,1225.0,940.3023071289062,2
573,80.0,83.01423645019531,0
574,400.0,127.90521240234375,1
575,2616.0,2346.325439453125,3
576,781.0,782.8387451171875,2
577,1093.0,1006.74755859375,2
578,4341.0,2435.404541015625,3
579,16475.0,1767.31787109375,3
580,1079.0,1123.5479736328125,2
581,1945.0,94.27733612060547,3
582,2846.0,3388.37939453125,3
583,1587.0,1124.3125,2
584,1030.0,1480.926513671875,2
585,9763.0,4797.29052734375,3
586,2671.0,1256.0810546875,3
587,600.0,187.22479248046875,1
588,125.0,453.3440246582031,0
589,1279.0,1260.99365234375,2
590,2660.0,1597.4364013671875,3
591,2618.0,2895.018798828125,3
592,3375.0,756.408203125,3
593,502.0,1143.715576171875,1
594,2025.0,2006.4090576171875,3
595,5349.0,2796.963134765625,3
596,844.0,197.20516967773438,2
597,21381.0,2416.1474609375,3
598,9028.0,1743.8133544921875,3
599,442.0,151.8863525390625,1
600,2128.0,2109.85009765625,3
601,1364.0,269.5980224609375,2
602,921.0,917.968017578125,2
603,5054.0,2661.019287109375,3
604,993.0,931.1055908203125,2
605,2023.0,1967.944580078125,3
606,1988.0,1132.70751953125,3
607,7781.0,2964.927734375,3
608,1713.0,341.3130187988281,2
609,2552.0,1398.9373779296875,3
610,3092.0,2269.334228515625,3
611,890.0,1319.8416748046875,2
612,3084.0,990.4080200195312,3
613,1985.0,1047.7364501953125,3
614,1858.0,1547.069091796875,2
615,2741.0,1653.452392578125,3
616,1002.0,1332.2864990234375,2
617,1663.0,635.0654296875,2
618,592.0,1289.207763671875,1
619,1732.0,2033.9208984375,2
620,2387.0,648.2724609375,3
621,2232.0,903.0318603515625,3
622,1212.0,1022.672607421875,2
623,12722.0,1148.132568359375,3
624,2746.0,1743.0283203125,3
625,2492.0,460.9012756347656,3
626,1672.0,1502.027587890625,2
627,5901.0,1509.8038330078125,3
628,2049.0,367.6669921875,3
629,728.0,510.27703857421875,2
630,1919.0,629.5823364257812,2
631,1203.0,537.6035766601562,2
632,5362.0,520.7745361328125,3
633,1216.0,490.08453369140625,2
634,4886.0,1888.2451171875,3
635,1352.0,445.9208679199219,2
636,4522.0,2242.054443359375,3
637,1262.0,551.3480224609375,2
638,1606.0,1789.58447265625,2
639,9264.0,2418.261474609375,3
640,7084.0,882.8659057617188,3
641,46461.0,1854.6666259765625,3
642,2520.0,354.08544921875,3
643,1978.0,2449.477783203125,3
644,5098.0,1470.809326171875,3
645,639.0,815.059814453125,2
646,1846.0,455.94805908203125,2
647,840.0,741.3438110351562,2
648,464.0,459.1540222167969,1
649,1452.0,464.8070068359375,2
650,2499.0,1912.488525390625,3
651,1709.0,810.933349609375,2
652,3130.0,1738.6156005859375,3
653,5081.0,1413.635009765625,3
654,7075.0,1228.7098388671875,3
655,2945.0,1191.0252685546875,3
656,1342.0,1428.2401123046875,2
657,10899.0,2993.742919921875,3
658,1556.0,553.2698974609375,2
659,2032.0,2409.44921875,3
660,2052.0,3492.008544921875,3
661,987.0,325.74407958984375,2
662,1235.0,1545.6231689453125,2
663,3147.0,457.7870178222656,3
664,1825.0,1549.957275390625,2
665,4005.0,304.4662780761719,3
666,6534.0,3179.485595703125,3
667,1805.0,1470.6318359375,2
668,6211.0,1239.320068359375,3
669,816.0,811.2440795898438,2
670,1758.0,1159.056884765625,2
671,2087.0,2804.891357421875,3
672,3126.0,1696.1461181640625,3
673,1373.0,3381.08349609375,2
674,902.0,760.3465576171875,2
675,3902.0,622.1140747070312,3
676,1766.0,2463.994384765625,2
677,2340.0,611.0870361328125,3
678,376.0,636.8649291992188,1
679,298.0,854.2650756835938,1
680,2480.0,654.5409545898438,3
681,533.0,4881.36572265625,1
682,684.0,733.1979370117188,2
683,3263.0,2055.508056640625,3
684,991.0,2825.537109375,2
685,3013.0,2843.23193359375,3
686,2240.0,1621.9896240234375,3
687,14162.0,3705.62451171875,3
688,1448.0,307.9721374511719,2
689,1044.0,1665.851806640625,2
690,4160.0,802.504150390625,3
691,2631.0,1465.62890625,3
692,1869.0,2815.66943359375,2
693,1563.0,852.382080078125,2
694,14674.0,2463.097412109375,3
695,2773.0,1377.3099365234375,3
696,342.0,614.0099487304688,1
697,6806.0,2632.181884765625,3
698,1084.0,773.2696533203125,2
699,10630.0,4131.11181640625,3
700,1504.0,430.9259948730469,2
701,1086.0,808.6742553710938,2
702,1950.0,1135.3231201171875,3
703,5238.0,4737.5986328125,3
704,291.0,656.1567993164062,1
705,9015.0,3943.653076171875,3
706,300.0,831.5287475585938,1
707,2448.0,325.27105712890625,3
708,9180.0,2179.525634765625,3
709,1923.0,1743.136962890625,2
710,8523.0,798.0416870117188,3
711,2271.0,2750.78125,3
712,1452.0,2084.563232421875,2
713,623.0,319.7563171386719,2
714,3343.0,1770.6488037109375,3
715,3660.0,3264.98193359375,3
716,4703.0,768.1295166015625,3
717,921.0,435.5691223144531,2
718,3794.0,1990.0521240234375,3
719,3136.0,900.8446044921875,3
720,665.0,335.4711608886719,2
721,4074.0,3795.230224609375,3
722,1786.0,963.85546875,2
723,22.0,403.3228454589844,0
724,2234.0,3060.751220703125,3
725,361.0,378.77520751953125,1
726,474.0,509.0238952636719,1
727,3309.0,949.81005859375,3
728,7274.0,1945.8477783203125,3
729,1861.0,837.7264404296875,2
730,1696.0,106.24335479736328,2
731,738.0,2256.4033203125,2
732,2406.0,566.046630859375,3
733,2756.0,974.9672241210938,3
734,887.0,733.5629272460938,2
735,444.0,1298.7950439453125,1
736,2696.0,1253.96630859375,3
737,1053.0,1183.8485107421875,2
738,3603.0,745.7666015625,3
739,1648.0,1262.4967041015625,2
740,1805.0,2464.667724609375,2
741,779.0,1743.5062255859375,2
742,17672.0,2672.17236328125,3
743,1082.0,1184.2508544921875,2
744,1633.0,1392.8348388671875,2
745,1457.0,1381.6236572265625,2
746,6.0,663.4522094726562,0
747,20.0,180.504150390625,0
748,16.0,1001.2606811523438,0
749,544.0,557.6049194335938,1
750,6521.0,886.1326293945312,3
751,231.0,1183.7364501953125,1
752,84.0,1646.7999267578125,0
753,621.0,1260.317626953125,2
754,95.0,413.03094482421875,0
755,258.0,735.388427734375,1
756,186.0,974.1448974609375,1
757,25.0,1196.7691650390625,0
758,51.0,1049.1768798828125,0
759,1226.0,1500.488525390625,2
760,18.0,1055.9771728515625,0
761,3842.0,364.096435546875,3
762,6019.0,690.05078125,3
763,47.0,1268.9039306640625,0
764,40.0,748.8651733398438,0
765,370.0,733.8825073242188,1
766,11060.0,435.6869201660156,3
767,18.0,1603.4635009765625,0
768,38.0,821.1019287109375,0
769,282.0,223.93423461914062,1
770,2.0,659.2030639648438,0
771,3623.0,543.565185546875,3
772,2490.0,1142.914306640625,3
773,76.0,1098.43359375,0
774,48.0,393.9962158203125,0
775,350.0,2110.314697265625,1
776,15138.0,1231.7054443359375,3
777,9.0,900.2822875976562,0
778,0.0,1102.43701171875,0
779,36.0,996.6340942382812,0
780,14.0,661.5416870117188,0
781,1128.0,818.2294921875,2
782,278.0,1694.9417724609375,1
783,9231.0,151.56158447265625,3
784,138.0,560.3355712890625,0
785,2676.0,1027.921875,3
786,840.0,931.278076171875,2
787,7.0,711.5325927734375,0
788,69.0,667.9303588867188,0
789,313.0,578.898193359375,1
790,4153.0,1005.4378662109375,3
791,11.0,129.92015075683594,0
792,173.0,132.61729431152344,1
793,784.0,1909.9534912109375,2
794,559.0,481.12725830078125,1
795,21.0,538.7498779296875,0
796,519.0,236.1814727783203,1
797,161.0,299.11004638671875,1
798,852.0,347.6787109375,2
799,427.0,106.8954086303711,1
800,1711.0,723.1931762695312,2
801,2701.0,422.67413330078125,3
802,678.0,383.24847412109375,2
803,34.0,800.4051513671875,0
804,125.0,522.2244873046875,0
805,27.0,411.25286865234375,0
806,807.0,227.18902587890625,2
807,403.0,207.35203552246094,1
808,747.0,535.7808227539062,2
809,106.0,432.2323913574219,0
810,858.0,563.842529296875,2
811,12.0,100.23085021972656,0
812,1701.0,2208.237060546875,2
813,7.0,116.89234161376953,0
814,1025.0,415.8690185546875,2
815,161.0,373.0730285644531,1
816,123.0,93.68514251708984,0
817,99.0,83.48627471923828,0
818,11.0,91.11207580566406,0
819,74.0,265.6435241699219,0
820,1475.0,392.81756591796875,2
821,74.0,172.26431274414062,0
822,6435.0,1417.39697265625,3
823,0.0,142.61767578125,0
824,16.0,251.99099731445312,0
825,323.0,1121.1168212890625,1
826,1537.0,525.2028198242188,2
827,336.0,180.60227966308594,1
828,363.0,827.194091796875,1
829,10.0,132.03192138671875,0
830,551.0,591.5827026367188,1
831,117.0,86.09608459472656,0
832,217.0,102.84683227539062,1
833,1128.0,300.3017578125,2
834,694.0,446.6520080566406,2
835,16.0,89.60818481445312,0
836,516.0,725.2379760742188,1
837,30.0,200.13320922851562,0
838,43.0,768.4304809570312,0
839,2237.0,1543.417236328125,3
840,355.0,134.16175842285156,1
841,425.0,96.81568145751953,1
842,40.0,161.11181640625,0
843,149.0,159.64585876464844,0
844,900.0,1778.2437744140625,2
845,232.0,246.52090454101562,1
846,10765.0,603.6541137695312,3
847,931.0,1511.52978515625,2
848,200.0,301.53936767578125,1
849,154.0,171.33128356933594,1
850,170.0,244.4317626953125,1
851,327.0,552.1998901367188,1
852,4308.0,960.812744140625,3
853,100.0,161.12648010253906,0
854,775.0,264.0680847167969,2
855,96.0,121.60198974609375,0
856,52.0,140.53038024902344,0
857,46.0,135.7051544189453,0
858,826.0,589.7251586914062,2
859,512.0,446.8599548339844,1
860,498.0,108.66358947753906,1
861,199.0,194.89891052246094,1
862,1632.0,542.6365356445312,2
863,45.0,312.69171142578125,0
864,203.0,395.2304992675781,1
865,328.0,102.75205993652344,1
866,517.0,542.366455078125,1
867,542.0,175.30909729003906,1
868,194.0,102.27653503417969,1
869,37.0,188.32345581054688,0
870,18.0,140.52099609375,0
871,5.0,182.38308715820312,0
872,283.0,176.6528778076172,1
873,21.0,176.5067596435547,0
874,98.0,182.44874572753906,0
875,92.0,132.25277709960938,0
876,480.0,458.3663330078125,1
877,200.0,82.98931121826172,1
878,123.0,107.68505859375,0
879,186.0,112.52423095703125,1
880,109.0,162.3218994140625,0
881,164.0,425.1348571777344,1
882,907.0,226.18592834472656,2
883,6.0,111.08441162109375,0
884,1027.0,112.45377349853516,2
885,544.0,577.1473388671875,1
886,264.0,942.0120239257812,1
887,161.0,125.22920989990234,1
888,406.0,206.1209259033203,1
889,284.0,443.1245422363281,1
890,599.0,137.4453582763672,1
891,28.0,120.2957992553711,0
892,200.0,249.7079315185547,1
893,5.0,182.31248474121094,0
894,217.0,442.59832763671875,1
895,8.0,227.6583709716797,0
896,936.0,177.89256286621094,2
897,2.0,79.76580047607422,0
898,39.0,2366.46533203125,0
899,16.0,368.4846496582031,0
900,331.0,318.6888122558594,1
901,794.0,736.1421508789062,2
902,154.0,75.55033874511719,1
903,59.0,85.29705047607422,0
904,0.0,359.3338317871094,0
905,1567.0,908.2212524414062,2
906,37.0,110.99021911621094,0
907,199.0,366.3388977050781,1
908,265.0,161.9693603515625,1
909,896.0,626.0577392578125,2
910,185.0,994.8817749023438,1
911,321.0,611.671630859375,1
912,89.0,317.245361328125,0
913,19.0,74.17274475097656,0
914,15.0,137.0059356689453,0
915,12.0,71.14456176757812,0
916,75.0,226.91986083984375,0
917,186.0,134.97959899902344,1
918,217.0,212.46498107910156,1
919,0.0,175.54058837890625,0
920,689.0,171.82925415039062,2
921,74.0,337.5596618652344,0
922,466.0,714.2260131835938,1
923,10.0,767.5888061523438,0
924,300.0,436.50732421875,1
925,212.0,469.6477966308594,1
926,329.0,298.50372314453125,1
927,55.0,97.08113098144531,0
928,418.0,139.14276123046875,1
929,472.0,509.7802734375,1
930,98.0,175.01797485351562,0
931,522.0,1733.4139404296875,1
932,160.0,1068.490966796875,1
933,129.0,166.20462036132812,0
934,179.0,305.2125549316406,1
935,8.0,81.86312866210938,0
936,970.0,279.6773986816406,2
937,235.0,129.2447967529297,1
938,954.0,404.68194580078125,2
939,117.0,83.62866973876953,0
940,72.0,210.92904663085938,0
941,6.0,86.7403335571289,0
942,6.0,140.28492736816406,0
943,275.0,355.2311706542969,1
944,4.0,467.8607482910156,0
945,109.0,483.1186828613281,0
946,480.0,972.3900756835938,1
947,48.0,957.8040771484375,0
948,333.0,1074.80126953125,1
949,154.0,148.48171997070312,1
950,121.0,172.1715087890625,0
951,371.0,325.8102111816406,1
952,4.0,344.952392578125,0
953,35.0,120.82301330566406,0
954,216.0,421.4986572265625,1
955,6205.0,864.715576171875,3
956,142.0,658.0985107421875,0
957,92.0,302.5512390136719,0
958,138.0,182.39280700683594,0
959,521.0,447.3404846191406,1
960,203.0,178.02932739257812,1
961,19.0,95.68106079101562,0
962,1182.0,1102.70068359375,2
963,133.0,92.0419921875,0
964,204.0,650.9384155273438,1
965,286.0,215.16099548339844,1
966,56.0,302.8704833984375,0
967,85.0,137.98562622070312,0
968,19.0,67.01969146728516,0
969,216.0,202.80682373046875,1
970,454.0,857.5233154296875,1
971,205.0,147.92623901367188,1
972,1433.0,702.9548950195312,2
973,652.0,439.2823181152344,2
974,1447.0,1057.06689453125,2
975,160.0,274.96923828125,1
976,1940.0,799.562255859375,2
977,1865.0,1106.148681640625,2
978,59.0,359.2475280761719,0
979,101.0,109.45755004882812,0
980,1818.0,1195.392578125,2
981,139.0,754.5831298828125,0
982,98.0,528.623046875,0
983,3333.0,880.9080200195312,3
984,672.0,388.5406188964844,2
985,12.0,136.03512573242188,0
986,197.0,69.89710998535156,1
987,160.0,1089.047607421875,1
988,77.0,251.97320556640625,0
989,151.0,447.0733642578125,1
990,19.0,335.19708251953125,0
991,19.0,702.821044921875,0
992,29.0,101.67084503173828,0
993,75.0,85.6186752319336,0
994,22.0,155.62567138671875,0
995,260.0,175.7999725341797,1
996,308.0,579.232666015625,1
997,389.0,225.02191162109375,1
998,1345.0,609.6871948242188,2
999,0.0,80.783935546875,0
1000,139.0,249.0394287109375,0
1001,1242.0,499.6495361328125,2
1002,23.0,376.8438415527344,0
1003,3.0,82.66139221191406,0
1004,570.0,240.51626586914062,1
1005,673.0,773.728271484375,2
1006,98.0,89.13469696044922,0
1007,235.0,502.8973693847656,1
1008,99.0,97.41495513916016,0
1009,98.0,129.9155731201172,0
1010,1365.0,218.94509887695312,2
1011,145.0,151.93836975097656,0
1012,8820.0,766.7924194335938,3
1013,220.0,216.88723754882812,1
1014,29.0,338.64532470703125,0
1015,247.0,299.87579345703125,1
1016,30.0,92.84872436523438,0
1017,12.0,91.16746520996094,0
1018,29.0,123.02204895019531,0
1019,282.0,142.1945343017578,1
1020,0.0,87.95452117919922,0
1021,194.0,375.0261535644531,1
1022,124.0,347.12176513671875,0
1023,334.0,324.7256164550781,1
1024,309.0,768.974853515625,1
1025,0.0,93.56356048583984,0
1026,50.0,65.90648651123047,0
1027,604.0,375.611083984375,1
1028,24.0,148.43809509277344,0
1029,667.0,292.84466552734375,2
1030,528.0,154.34803771972656,1
1031,358.0,375.86151123046875,1
1032,1615.0,1187.2076416015625,2
1033,149.0,132.61241149902344,0
1034,740.0,918.7459716796875,2
1035,29.0,72.77237701416016,0
1036,55.0,95.9489974975586,0
1037,137.0,259.3582458496094,0
1038,41.0,131.4341583251953,0
1039,2435.0,265.47271728515625,3
1040,27.0,460.7794189453125,0
1041,179.0,75.82200622558594,1
1042,190.0,507.5094299316406,1
1043,199.0,558.7462158203125,1
1044,45.0,78.67267608642578,0
1045,1832.0,1899.24365234375,2
1046,590.0,489.2862243652344,1
1047,281.0,137.39697265625,1
1048,166.0,215.0911407470703,1
1049,10.0,157.89599609375,0
1050,14.0,1247.541015625,0
1051,75.0,587.9747924804688,0
1052,167.0,294.3667297363281,1
1053,637.0,189.4864501953125,2
1054,9.0,195.9705810546875,0
1055,54.0,91.99909210205078,0
1056,266.0,81.90715026855469,1
1057,609.0,547.059326171875,1
1058,60.0,193.40003967285156,0
1059,543.0,279.77337646484375,1
1060,353.0,622.1500854492188,1
1061,461.0,557.2100830078125,1
1062,996.0,361.64080810546875,2
1063,1411.0,361.1182861328125,2
1064,94.0,224.51956176757812,0
1065,202.0,446.1239013671875,1
1066,590.0,1552.5980224609375,1
1067,101.0,178.44454956054688,0
1068,77.0,199.3582763671875,0
1069,46.0,71.5270004272461,0
1070,252.0,200.39865112304688,1
1071,11.0,444.2657470703125,0
1072,519.0,347.16937255859375,1
1073,450.0,1325.7620849609375,1
1074,452.0,135.25172424316406,1
1075,48.0,154.04051208496094,0
1076,37.0,146.98947143554688,0
1077,31.0,316.2789306640625,0
1078,757.0,167.29673767089844,2
1079,298.0,295.6549072265625,1
1080,162.0,81.65299987792969,1
1081,119.0,512.9119873046875,0
1082,2553.0,738.3096313476562,3
1083,24.0,183.7049102783203,0
1084,36.0,527.5479125976562,0
1085,72.0,174.4219970703125,0
1086,82.0,437.155517578125,0
1087,0.0,80.71886444091797,0
1088,26.0,128.8800506591797,0
1089,4162.0,777.8740844726562,3
1090,1362.0,1216.92626953125,2
1091,757.0,282.49578857421875,2
1092,122.0,395.46124267578125,0
1093,96.0,327.85040283203125,0
1094,264.0,310.0555419921875,1
1095,121.0,1555.5206298828125,0
1096,35.0,95.57827758789062,0
1097,5.0,138.25198364257812,0
1098,5301.0,1635.79833984375,3
1099,25.0,92.882080078125,0
1100,987.0,394.33734130859375,2
1101,154.0,697.6571655273438,1
1102,490.0,126.01895141601562,1
1103,246.0,847.819580078125,1
1104,72.0,661.9326782226562,0
1105,11.0,99.12336730957031,0
1106,122.0,83.38524627685547,0
1107,163.0,101.66954040527344,1
1108,204.0,641.018310546875,1
1109,265.0,433.4356384277344,1
1110,126.0,103.57457733154297,0
1111,301.0,345.4765625,1
1112,298.0,182.2032012939453,1
1113,1146.0,683.4667358398438,2
1114,414.0,107.9954833984375,1
1115,530.0,508.9977111816406,1
1116,728.0,225.3204803466797,2
1117,93.0,405.5043640136719,0
1118,0.0,64.08827209472656,0
1119,4.0,83.25164794921875,0
1120,397.0,208.2171173095703,1
1121,249.0,340.2851867675781,1
1122,61.0,557.7214965820312,0
1123,174.0,120.91908264160156,1
1124,474.0,210.8509521484375,1
1125,143.0,266.5089111328125,0
1126,18.0,172.2334442138672,0
1127,98.0,504.4586181640625,0
1128,345.0,382.794189453125,1
1129,80.0,114.38690948486328,0
1130,1167.0,1522.123291015625,2
1131,171.0,124.09590911865234,1
1132,217.0,216.06626892089844,1
1133,160.0,251.94361877441406,1
1134,11.0,166.8838653564453,0
1135,304.0,184.91773986816406,1
1136,14.0,127.7229995727539,0
1137,6.0,327.5062255859375,0
1138,10.0,85.55579376220703,0
1139,384.0,163.36984252929688,1
1140,14.0,130.9427032470703,0
1141,1884.0,1202.004150390625,2
1142,142.0,137.9777374267578,0
1143,90.0,155.35789489746094,0
1144,568.0,177.37974548339844,1
1145,439.0,92.28678894042969,1
1146,4115.0,1083.5224609375,3
1147,363.0,133.41143798828125,1
1148,739.0,420.0810852050781,2
1149,289.0,205.80288696289062,1
1150,2394.0,330.77301025390625,3
1151,60.0,273.18927001953125,0
1152,683.0,203.21823120117188,2
1153,1608.0,114.73896789550781,2
1154,302.0,143.18130493164062,1
1155,160.0,184.0260772705078,1
1156,649.0,168.2405242919922,2
1157,190.0,201.6470184326172,1
1158,170.0,204.2142791748047,1
1159,9.0,72.26797485351562,0
1160,160.0,260.4784851074219,1
1161,2511.0,2050.351318359375,3
1162,1178.0,1104.4613037109375,2
1163,1324.0,313.4211120605469,2
1164,840.0,985.4354248046875,2
1165,263.0,435.3101806640625,1
1166,1350.0,213.49755859375,2
1167,392.0,606.6741333007812,1
1168,52.0,133.75526428222656,0
1169,49.0,853.9649047851562,0
1170,267.0,105.44331359863281,1
1171,86.0,516.75048828125,0
1172,21.0,84.61541748046875,0
1173,418.0,1308.044921875,1
1174,146.0,103.91422271728516,0
1175,255.0,335.9390869140625,1
1176,1795.0,822.3626708984375,2
1177,582.0,644.0114135742188,1
1178,933.0,486.8961181640625,2
1179,9.0,366.2791748046875,0
1180,321.0,690.193603515625,1
1181,54.0,235.71328735351562,0
1182,735.0,965.4335327148438,2
1183,343.0,100.12770080566406,1
1184,2.0,216.6490478515625,0
1185,0.0,354.16552734375,0
1186,63.0,324.5511474609375,0
1187,270.0,456.7594299316406,1
1188,473.0,1142.333984375,1
1189,187.0,198.70306396484375,1
1190,93.0,534.7708129882812,0
1191,0.0,140.27487182617188,0
1192,88.0,649.4005737304688,0
1193,136.0,88.23280334472656,0
1194,2931.0,647.4605102539062,3
1195,24.0,72.98058319091797,0
1196,115.0,294.7973327636719,0
1197,37.0,138.88758850097656,0
1198,53.0,72.4207992553711,0
1199,512.0,438.51300048828125,1
1200,3143.0,1061.33154296875,3
1201,157.0,331.93475341796875,1
1202,34.0,90.16975402832031,0
1203,34.0,100.64826965332031,0
1204,43.0,75.90312957763672,0
1205,193.0,132.5204620361328,1
1206,2164.0,127.85674285888672,3
1207,200.0,288.8668212890625,1
1208,3410.0,684.6600952148438,3
1209,1031.0,762.48388671875,2
1210,292.0,1977.2677001953125,1
1211,105.0,99.42143249511719,0
1212,438.0,117.44496154785156,1
1213,25.0,204.98194885253906,0
1214,299.0,643.1375732421875,1
1215,58.0,165.22857666015625,0
1216,269.0,643.9411010742188,1
1217,133.0,219.359130859375,0
1218,151.0,463.7281188964844,1
1219,261.0,1234.6219482421875,1
1220,559.0,849.0054931640625,1
1221,21.0,547.1624145507812,0
1222,39.0,191.25514221191406,0
1223,6.0,414.568359375,0
1224,44.0,287.0789794921875,0
1225,761.0,528.467041015625,2
1226,1670.0,755.3290405273438,2
1227,1127.0,1980.6334228515625,2
1228,1870.0,819.41259765625,2
1229,94.0,364.7528991699219,0
1230,22.0,105.87812805175781,0
1231,43.0,346.3843994140625,0
1232,211.0,413.9762878417969,1
1233,2606.0,1169.373779296875,3
1234,9.0,205.78025817871094,0
1235,68.0,1052.4718017578125,0
1236,196.0,563.7376098632812,1
1237,0.0,77.9046859741211,0
1238,31.0,204.88232421875,0
1239,80.0,248.34739685058594,0
1240,3747.0,847.8572998046875,3
1241,243.0,230.3229217529297,1
1242,673.0,598.1256103515625,2
1243,149.0,282.3736877441406,0
1244,32.0,634.2296752929688,0
1245,8.0,231.88523864746094,0
1246,0.0,105.62617492675781,0
1247,580.0,967.8917846679688,1
1248,10.0,96.94468688964844,0
1249,348.0,680.9337158203125,1
1250,69.0,619.8356323242188,0
1251,18.0,158.59608459472656,0
1252,300.0,137.2755126953125,1
1253,72.0,500.82275390625,0
1254,38.0,96.65945434570312,0
1255,2190.0,118.69342041015625,3
1256,46.0,387.29412841796875,0
1257,290.0,1143.9310302734375,1
1258,760.0,1056.5318603515625,2
1259,20.0,435.98602294921875,0
1260,18.0,68.32170867919922,0
1261,126.0,149.43551635742188,0
1262,459.0,243.4713592529297,1
1263,320.0,519.5870971679688,1
1264,155.0,108.2360610961914,1
1265,3133.0,444.70623779296875,3
1266,75.0,92.99081420898438,0
1267,165.0,191.77662658691406,1
1268,24.0,465.6103515625,0
1269,72.0,131.74652099609375,0
1270,855.0,1134.1839599609375,2
1271,1923.0,523.0701293945312,2
1272,354.0,648.7953491210938,1
1273,6.0,77.89019775390625,0
1274,441.0,220.52532958984375,1
1275,1789.0,504.2986145019531,2
1276,13.0,116.09815216064453,0
1277,26.0,92.93940734863281,0
1278,66.0,163.70816040039062,0
1279,38.0,545.6510620117188,0
1280,61.0,266.65338134765625,0
1281,248.0,175.87001037597656,1
1282,466.0,369.26214599609375,1
1283,286.0,490.6420593261719,1
1284,30.0,147.80856323242188,0
1285,179.0,193.65219116210938,1
1286,102.0,333.5392761230469,0
1287,1292.0,355.35589599609375,2
1288,1045.0,386.5546875,2
1289,8.0,165.47817993164062,0
1290,89.0,135.78866577148438,0
1291,1314.0,765.8380737304688,2
1292,108.0,119.56952667236328,0
1293,101.0,112.14081573486328,0
1294,302.0,653.9342041015625,1
1295,80.0,80.90108489990234,0
1296,3209.0,1384.302490234375,3
1297,448.0,555.490966796875,1
1298,614.0,889.645751953125,2
1299,51.0,288.0471496582031,0
1300,64.0,1322.1861572265625,0
1301,397.0,526.1970825195312,1
1302,310.0,508.4713134765625,1
1303,1498.0,1789.9676513671875,2
1304,0.0,304.341552734375,0
1305,701.0,551.6337280273438,2
1306,175.0,127.29842376708984,1
1307,18.0,92.18643951416016,0
1308,258.0,611.091064453125,1
1309,88.0,333.86358642578125,0
1310,1189.0,862.84375,2
1311,2291.0,673.1099853515625,3
1312,341.0,413.89141845703125,1
1313,18.0,84.42137145996094,0
1314,122.0,383.20458984375,0
1315,11.0,350.23797607421875,0
1316,2016.0,1394.34716796875,3
1317,673.0,878.939208984375,2
1318,96.0,1166.437744140625,0
1319,315.0,308.0833435058594,1
1320,75.0,381.779296875,0
1321,1672.0,1397.444580078125,2
1322,4887.0,1260.7257080078125,3
1323,446.0,599.4249267578125,1
1324,4034.0,849.4964599609375,3
1325,2655.0,1229.0791015625,3
1326,443.0,555.75390625,1
1327,514.0,429.58966064453125,1
1328,512.0,310.6210632324219,1
1329,192.0,847.5634155273438,1
1330,7542.0,1132.3387451171875,3
1331,144.0,430.4866027832031,0
1332,214.0,206.9162139892578,1
1333,484.0,491.4549560546875,1
1334,1300.0,397.6202087402344,2
1335,441.0,82.87638092041016,1
1336,2118.0,817.580078125,3
1337,450.0,933.50830078125,1
1338,672.0,140.0784912109375,2
1339,242.0,1129.387939453125,1
1340,13639.0,2703.88134765625,3
1341,160.0,119.59984588623047,1
1342,695.0,594.0609130859375,2
1343,218.0,66.7553482055664,1
1344,458.0,127.14956665039062,1
1345,2670.0,727.6989135742188,3
1346,87.0,453.3744812011719,0
1347,1368.0,257.3494567871094,2
1348,16.0,66.46246337890625,0
1349,274.0,922.5219116210938,1
1350,161.0,67.99824523925781,1
1351,23.0,87.2613296508789,0
1352,123.0,615.1918334960938,0
1353,126.0,342.0810546875,0
1354,616.0,170.38674926757812,2
1355,2416.0,314.3104553222656,3
1356,438.0,865.676025390625,1
1357,1045.0,2397.9326171875,2
1358,42.0,242.66270446777344,0
1359,123.0,739.5160522460938,0
1360,397.0,154.29080200195312,1
1361,2677.0,886.7433471679688,3
1362,211.0,650.4512329101562,1
1363,373.0,587.5552368164062,1
1364,526.0,371.1485595703125,1
1365,1778.0,1488.9178466796875,2
1366,3021.0,1364.0745849609375,3
1367,654.0,423.4493103027344,2
1368,2078.0,711.3298950195312,3
1369,604.0,777.2788696289062,1
1370,741.0,345.0057067871094,2
1371,6668.0,2455.64404296875,3
1372,1612.0,185.83795166015625,2
1373,4145.0,1502.84033203125,3
1374,1.0,96.4169692993164,0
1375,435.0,590.9616088867188,1
1376,675.0,563.4921264648438,2
1377,180.0,483.50494384765625,1
1378,1615.0,217.88031005859375,2
1379,897.0,649.1524047851562,2
1380,553.0,106.59544372558594,1
1381,170.0,335.6822204589844,1
1382,348.0,150.5020751953125,1
1383,779.0,219.48135375976562,2
1384,952.0,588.4448852539062,2
1385,168.0,720.0834350585938,1
1386,465.0,668.1825561523438,1
1387,639.0,514.3695678710938,2
1388,484.0,943.97607421875,1
1389,351.0,75.35852813720703,1
1390,5804.0,2847.74609375,3
1391,200.0,1592.4732666015625,1
1392,3902.0,776.5321655273438,3
1393,43.0,124.43630981445312,0
1394,1227.0,615.3905639648438,2
1395,5618.0,336.9238586425781,3
1396,173.0,85.64907836914062,1
1397,56.0,153.8926544189453,0
1398,279.0,524.0628051757812,1
1399,51.0,265.34344482421875,0
1400,3661.0,568.719482421875,3
1401,11.0,81.16975402832031,0
1402,373.0,250.83139038085938,1
1403,713.0,525.8049926757812,2
1404,2660.0,3032.73779296875,3
1405,6.0,74.96913146972656,0
1406,7754.0,1652.8646240234375,3
1407,692.0,220.68080139160156,2
1408,2058.0,1059.986328125,3
1409,89.0,380.5035705566406,0
1410,1222.0,423.1607971191406,2
1411,1910.0,196.47557067871094,2
1412,132.0,79.41001892089844,0
1413,174.0,1022.4124755859375,1
1414,530.0,1547.832275390625,1
1415,0.0,124.28553009033203,0
1416,2428.0,1873.905029296875,3
1417,538.0,862.6815795898438,1
1418,123.0,155.30450439453125,0
1419,2118.0,910.4385375976562,3
1420,132.0,1105.123779296875,0
1421,105.0,307.80023193359375,0
1422,166.0,78.24742126464844,1
1423,1049.0,144.27015686035156,2
1424,252.0,519.7135620117188,1
1425,665.0,1800.5404052734375,2
1426,440.0,353.78582763671875,1
1427,2305.0,215.34046936035156,3
1428,16.0,244.45660400390625,0
1429,88.0,2083.189208984375,0
1430,2231.0,472.70513916015625,3
1431,3312.0,3359.9755859375,3
1432,413.0,437.8265686035156,1
1433,1850.0,602.3704223632812,2
1434,780.0,815.471435546875,2
1435,62517.0,2890.830810546875,3
1436,572.0,656.3309326171875,1
1437,332.0,183.29409790039062,1
1438,1226.0,309.1233215332031,2
1439,448.0,446.9132385253906,1
1440,3432.0,759.2250366210938,3
1441,1338.0,80.37246704101562,2
1442,133.0,132.42636108398438,0
1443,286.0,88.77926635742188,1
1444,186.0,456.56640625,1
1445,1230.0,424.40167236328125,2
1446,447.0,313.04638671875,1
1447,334.0,923.6531982421875,1
1448,136.0,1092.314697265625,0
1449,2621.0,706.240478515625,3
1450,172.0,763.1409912109375,1
1451,14.0,117.17430114746094,0
1452,5594.0,582.1199340820312,3
1453,160.0,75.0513687133789,1
1454,1350.0,417.747802734375,2
1455,426.0,148.95733642578125,1
1456,12.0,270.060791015625,0
1457,8030.0,612.8474731445312,3
1458,744.0,1015.5037231445312,2
1459,188.0,886.4280395507812,1
1460,496.0,243.0666046142578,1
1461,1250.0,1729.1690673828125,2
1462,459.0,616.9293823242188,1
1463,2389.0,1638.732421875,3
1464,75.0,885.5553588867188,0
1465,36.0,115.87939453125,0
1466,16.0,181.68087768554688,0
1467,818.0,628.5587158203125,2
1468,795.0,307.07745361328125,2
1469,1100.0,837.4593505859375,2
1470,414.0,466.2627868652344,1
1471,1206.0,1176.9638671875,2
1472,1128.0,1030.627197265625,2
1473,690.0,161.1299285888672,2
1474,2990.0,1932.1070556640625,3
1475,450.0,533.1196899414062,1
1476,2443.0,955.6515502929688,3
1477,912.0,1071.430908203125,2
1478,567.0,386.5171203613281,1
1479,16942.0,1578.1483154296875,3
1480,1037.0,957.5021362304688,2
1481,237.0,365.4013977050781,1
1482,136.0,111.84247589111328,0
1483,2614.0,3215.083251953125,3
1484,1962.0,1245.0484619140625,3
1485,1020.0,561.4938354492188,2
1486,4203.0,1432.0474853515625,3
1487,221.0,167.96163940429688,1
1488,690.0,269.09967041015625,2
1489,320.0,3138.41259765625,1
1490,693.0,573.3385009765625,2
1491,237.0,184.116943359375,1
1492,2408.0,1432.4752197265625,3
1493,1003.0,923.97265625,2
1494,4305.0,131.93260192871094,3
1495,992.0,2032.5640869140625,2
1496,1651.0,784.1451416015625,2
1497,384.0,86.44268798828125,1
1498,4184.0,2407.560791015625,3
1499,807.0,600.6490478515625,2
1500,1070.0,384.5617980957031,2
1501,624.0,269.818359375,2
1502,2789.0,906.9319458007812,3
1503,1446.0,1220.3792724609375,2
1504,136.0,129.8897705078125,0
1505,244.0,290.5180358886719,1
1506,1531.0,744.7086791992188,2
1507,162.0,166.1420135498047,1
1508,5035.0,947.3955688476562,3
1509,1999.0,1996.78955078125,3
1510,1674.0,850.0691528320312,2
1511,660.0,1118.7666015625,2
1512,8.0,442.1138610839844,0
1513,92.0,279.2247314453125,0
1514,2632.0,1316.562744140625,3
1515,750.0,944.0941162109375,2
1516,4126.0,1148.6201171875,3
1517,2259.0,607.93603515625,3
1518,232.0,369.6766662597656,1
1519,124.0,386.2080383300781,0
1520,3388.0,634.1622314453125,3
1521,738.0,344.80902099609375,2
1522,72.0,96.84535217285156,0
1523,259.0,206.6899871826172,1
1524,530.0,716.028076171875,1
1525,240.0,88.7648696899414,1
1526,2544.0,504.44940185546875,3
1527,767.0,1659.88134765625,2
1528,3830.0,389.02032470703125,3
1529,6030.0,1940.3175048828125,3
1530,865.0,1251.11572265625,2
1531,666.0,133.28688049316406,2
1532,16.0,70.32221984863281,0
1533,957.0,1596.920654296875,2
1534,1560.0,201.4490203857422,2
1535,1342.0,662.8526000976562,2
1536,18.0,483.4962463378906,0
1537,625.0,1021.5238647460938,2
1538,187.0,119.14127349853516,1
1539,7929.0,3300.55615234375,3
1540,6713.0,1310.246826171875,3
1541,1290.0,3433.85791015625,2
1542,3064.0,873.9829711914062,3
1543,10354.0,1382.04736328125,3
1544,5533.0,530.8775024414062,3
1545,15951.0,1006.9583129882812,3
1546,5214.0,1155.4647216796875,3
1547,5001.0,805.591064453125,3
1548,8745.0,856.1141967773438,3
1549,6121.0,4713.9521484375,3
1550,2651.0,2416.8720703125,3
1551,3426.0,1079.331298828125,3
1552,35748.0,1170.364013671875,3
1553,3040.0,959.4820556640625,3
1554,11194.0,3480.09423828125,3
1555,3717.0,2670.99658203125,3
1556,1908.0,871.6781616210938,2
1557,2526.0,2407.64794921875,3
1558,1422.0,1197.459716796875,2
1559,3046.0,1444.55078125,3
1560,414.0,900.9681396484375,1
1561,2159.0,1465.876953125,3
1562,327.0,794.2311401367188,1
1563,1808.0,1530.74365234375,2
1564,3272.0,1795.798828125,3
1565,123.0,426.6114196777344,0
1566,6037.0,818.8192138671875,3
1567,172.0,397.9640197753906,1
1568,3475.0,1979.31787109375,3
1569,158.0,173.48353576660156,1
1570,605.0,896.7543334960938,1
1571,4277.0,1077.25634765625,3
1572,3035.0,1522.1900634765625,3
1573,237.0,115.5395736694336,1
1574,1104.0,1239.482666015625,2
1575,6399.0,2459.685302734375,3
1576,4663.0,2208.52197265625,3
1577,3203.0,1621.8018798828125,3
1578,2554.0,1089.1636962890625,3
1579,6374.0,2259.904052734375,3
1580,52.0,200.84173583984375,0
1581,1943.0,825.3280639648438,2
1582,30177.0,2008.1142578125,3
1583,352.0,491.335693359375,1
1584,932.0,1339.308349609375,2
1585,1471.0,856.2431640625,2
1586,6623.0,1576.1158447265625,3
1587,267.0,732.5859375,1
1588,3462.0,699.678955078125,3
1589,7799.0,1031.6412353515625,3
1590,2710.0,515.2562255859375,3
1591,32.0,278.50140380859375,0
1592,264.0,359.0738830566406,1
1593,205.0,509.9786376953125,1
1594,352.0,615.836181640625,1
1595,1244.0,952.4905395507812,2
1596,855.0,780.3473510742188,2
1597,1825.0,2026.86376953125,2
1598,973.0,3465.07568359375,2
1599,1283.0,1691.494140625,2
1600,469.0,380.4740295410156,1
1601,4933.0,2279.98486328125,3
1602,1993.0,2561.661865234375,3
1603,2426.0,1586.8760986328125,3
1604,1739.0,1390.4017333984375,2
1605,308.0,253.9287567138672,1
1606,2796.0,788.2644653320312,3
1607,1708.0,887.7472534179688,2
1608,352.0,440.9510498046875,1
1609,433.0,783.9031982421875,1
1610,877.0,1334.2708740234375,2
1611,1600.0,1827.6923828125,2
1612,1778.0,1340.7275390625,2
1613,624.0,1334.9727783203125,2
1614,33.0,599.4163208007812,0
1615,34.0,1623.5118408203125,0
1616,36.0,883.8953857421875,0
1617,50.0,828.5931396484375,0
1618,4.0,2133.876953125,0
1619,32.0,1798.2210693359375,0
1620,54.0,1797.637451171875,0
1621,91.0,689.097412109375,0
1622,955.0,2074.560546875,2
1623,28.0,878.3701782226562,0
1624,89.0,1066.3502197265625,0
1625,60.0,1716.580078125,0
1626,112.0,1533.9725341796875,0
1627,23.0,954.234375,0
1628,188.0,1032.1339111328125,1
1629,38.0,1293.759033203125,0
1630,2357.0,1904.349853515625,3
1631,1439.0,2612.37548828125,2
1632,29.0,2390.3916015625,0
1633,20.0,1363.0888671875,0
1634,20.0,1081.4388427734375,0
1635,4.0,645.6022338867188,0
1636,25.0,1152.6197509765625,0
1637,208.0,1189.048583984375,1
1638,17.0,1480.891357421875,0
1639,364.0,1913.8675537109375,1
1640,9049.0,1155.9248046875,3
1641,5.0,1373.68408203125,0
1642,123.0,817.1577758789062,0
1643,25.0,1488.9801025390625,0
1644,42.0,906.8499145507812,0
1645,0.0,235.45938110351562,0
1646,0.0,932.8191528320312,0
1647,160.0,2101.989013671875,1
1648,153.0,1314.73974609375,1
1649,25.0,1092.143798828125,0
1650,64.0,1070.8623046875,0
1651,33.0,692.4312744140625,0
1652,10.0,860.5800170898438,0
1653,30.0,1040.11376953125,0
1654,81.0,1461.0885009765625,0
1655,62.0,2055.870361328125,0
1656,14.0,511.7325744628906,0
1657,5550.0,1055.2786865234375,3
1658,249.0,309.90045166015625,1
1659,80.0,997.0997924804688,0
1660,780.0,804.5808715820312,2
1661,793.0,644.24462890625,2
1662,982.0,394.64068603515625,2
1663,525.0,1421.2119140625,1
1664,936.0,1181.4449462890625,2
1665,4594.0,2342.3720703125,3
1666,792.0,1163.1505126953125,2
1667,323.0,387.19110107421875,1
1668,512.0,1185.794189453125,1
1669,720.0,1757.4049072265625,2
1670,4196.0,212.29925537109375,3
1671,79.0,711.3516235351562,0
1672,660.0,520.2274169921875,2
1673,4330.0,1431.857421875,3
1674,127.0,1024.2032470703125,0
1675,602.0,751.4422607421875,1
1676,629.0,1505.7236328125,2
1677,300.0,1461.0762939453125,1
1678,500.0,686.8462524414062,1
1679,67.0,510.18902587890625,0
1680,7830.0,1845.1279296875,3
1681,34.0,1238.22509765625,0
1682,530.0,3015.638427734375,1
1683,130.0,817.7835083007812,0
1684,8441.0,1683.43994140625,3
1685,391.0,591.8636474609375,1
1686,1229.0,2498.064697265625,2
1687,132.0,1085.9803466796875,0
1688,190.0,710.0541381835938,1
1689,226.0,682.98876953125,1
1690,8.0,654.1572265625,0
1691,5356.0,358.9698486328125,3
1692,2016.0,1257.2381591796875,3
1693,2463.0,1413.8140869140625,3
1694,10386.0,1633.04443359375,3
1695,129.0,1022.1788940429688,0
1696,721.0,1331.8641357421875,2
1697,381.0,124.78237915039062,1
1698,930.0,689.9532470703125,2
1699,487.0,113.65083312988281,1
1700,696.0,1305.71435546875,2
1701,4327.0,766.2731323242188,3
1702,3206.0,2103.00439453125,3
1703,412.0,471.4017639160156,1
1704,286.0,1090.319580078125,1
1705,75.0,94.43404388427734,0
1706,7442.0,880.2941284179688,3
1707,492.0,381.50323486328125,1
1708,1800.0,3275.988037109375,2
1709,570.0,728.0130004882812,1
1710,1676.0,741.1346435546875,2
1711,2034.0,1324.11962890625,3
1712,134.0,187.4078826904297,0
1713,501.0,114.7384033203125,1
1714,1355.0,140.65257263183594,2
1715,554.0,310.32427978515625,1
1716,1496.0,2745.998046875,2
1717,1365.0,681.2255859375,2
1718,1050.0,77.4089126586914,2
1719,1142.0,317.7574768066406,2
1720,1255.0,296.5051574707031,2
1721,2244.0,718.365478515625,3
1722,405.0,173.8550567626953,1
1723,2187.0,128.0829315185547,3
1724,1747.0,751.7133178710938,2
1725,2687.0,2656.11474609375,3
1726,1949.0,858.3562622070312,3
1727,2190.0,534.9889526367188,3
1728,1852.0,3405.77099609375,2
1729,1003.0,453.4041442871094,2
1730,471.0,189.03575134277344,1
1731,1181.0,75.23870086669922,2
1732,140.0,260.1310119628906,0
1733,914.0,837.1824951171875,2
1734,771.0,1881.4085693359375,2
1735,1212.0,558.5989379882812,2
1736,1422.0,264.1204528808594,2
1737,748.0,93.34135437011719,2
1738,1490.0,235.41148376464844,2
1739,2982.0,365.46282958984375,3
1740,48.0,407.38031005859375,0
1741,68.0,138.3843536376953,0
1742,987.0,311.93438720703125,2
1743,2935.0,1187.350830078125,3
1744,156.0,494.5310974121094,1
1745,306.0,506.5245361328125,1
1746,776.0,566.021484375,2
1747,1543.0,794.1070556640625,2
1748,893.0,126.97125244140625,2
1749,6606.0,1341.248046875,3
1750,1748.0,1266.786376953125,2
1751,144.0,780.62353515625,0
1752,14.0,254.8563232421875,0
1753,3039.0,471.9921569824219,3
1754,472.0,844.3220825195312,1
1755,288.0,370.2039794921875,1
1756,162.0,110.16211700439453,1
1757,197.0,88.80947875976562,1
1758,1556.0,167.87933349609375,2
1759,565.0,149.31503295898438,1
1760,1290.0,319.14892578125,2
1761,803.0,320.61376953125,2
1762,5640.0,761.9130249023438,3
1763,1268.0,488.7763671875,2
1764,423.0,1301.9703369140625,1
1765,570.0,85.65440368652344,1
1766,366.0,430.0856018066406,1
1767,4818.0,78.28535461425781,3
1768,1224.0,298.6978454589844,2
1769,2170.0,90.0363998413086,3
1770,1300.0,504.2867126464844,2
1771,1609.0,497.5626220703125,2
1772,740.0,757.1528930664062,2
1773,106.0,545.1834716796875,0
1774,230.0,262.4832458496094,1
1775,393.0,185.83502197265625,1
1776,348.0,112.5414047241211,1
1777,2610.0,598.2662963867188,3
1778,190.0,701.1639404296875,1
1779,94.0,70.08436584472656,0
1780,438.0,369.46234130859375,1
1781,5850.0,1616.3089599609375,3
1782,5871.0,688.9830932617188,3
1783,2441.0,269.23858642578125,3
1784,1332.0,103.30384826660156,2
1785,5367.0,748.12158203125,3
1786,313.0,643.4638061523438,1
1787,308.0,374.0633850097656,1
1788,1145.0,96.5486831665039,2
1789,1564.0,2075.541015625,2
1790,2403.0,715.9072265625,3
1791,417.0,922.8634643554688,1
1792,59.0,414.08526611328125,0
1793,12.0,279.370849609375,0
1794,1325.0,547.72314453125,2
1795,341.0,716.4566040039062,1
1796,16.0,214.620361328125,0
1797,932.0,128.8711395263672,2
1798,154.0,223.75262451171875,1
1799,36.0,157.0079345703125,0
1800,1431.0,864.1190185546875,2
1801,42.0,132.78485107421875,0
1802,2618.0,376.30523681640625,3
1803,1311.0,789.6337280273438,2
1804,809.0,603.8639526367188,2
1805,5620.0,304.80120849609375,3
1806,3180.0,1091.6707763671875,3
1807,314.0,93.94853210449219,1
1808,357.0,543.5001220703125,1
1809,1136.0,526.401611328125,2
1810,776.0,679.0713500976562,2
1811,2372.0,1546.590576171875,3
1812,235.0,449.677001953125,1
1813,81.0,1185.591552734375,0
1814,2894.0,477.2357482910156,3
1815,842.0,125.6727523803711,2
1816,672.0,741.0399780273438,2
1817,136.0,769.9014892578125,0
1818,4022.0,505.80914306640625,3
1819,591.0,772.1431884765625,1
1820,10520.0,403.17144775390625,3
1821,283.0,237.07386779785156,1
1822,136.0,483.37255859375,0
1823,390.0,747.3515014648438,1
1824,687.0,175.82504272460938,2
1825,3950.0,495.5666809082031,3
1826,1537.0,440.01513671875,2
1827,41.0,104.18841552734375,0
1828,842.0,363.4215087890625,2
1829,0.0,64.25482177734375,0
1830,1220.0,468.12811279296875,2
1831,247.0,722.9761962890625,1
1832,3007.0,238.23719787597656,3
1833,7331.0,1444.3321533203125,3
1834,77.0,162.93943786621094,0
1835,626.0,906.2772827148438,2
1836,182.0,131.6503143310547,1
1837,26.0,173.7025604248047,0
1838,1999.0,1030.030517578125,3
1839,184.0,227.73538208007812,1
1840,964.0,690.8767700195312,2
1841,100.0,95.1932373046875,0
1842,2138.0,143.5595703125,3
1843,316.0,905.8287963867188,1
1844,1335.0,175.54505920410156,2
1845,277.0,292.7648620605469,1
1846,33.0,1122.118408203125,0
1847,4832.0,1990.12451171875,3
1848,2407.0,110.44190979003906,3
1849,1896.0,1351.9539794921875,2
1850,1017.0,822.0203857421875,2
1851,2784.0,960.7626953125,3
1852,1170.0,2155.86962890625,2
1853,100.0,385.64447021484375,0
1854,5257.0,1474.349853515625,3
1855,195.0,798.38916015625,1
1856,719.0,290.95458984375,2
1857,295.0,76.66920471191406,1
1858,96.0,122.66452026367188,0
1859,158.0,81.88887023925781,1
1860,810.0,75.681640625,2
1861,100.0,165.4065399169922,0
1862,1510.0,601.04052734375,2
1863,12.0,77.09310913085938,0
1864,6126.0,748.22412109375,3
1865,3311.0,1021.5553588867188,3
1866,179.0,83.7690200805664,1
1867,669.0,261.4808044433594,2
1868,107.0,872.9602661132812,0
1869,426.0,2603.361328125,1
1870,758.0,782.5602416992188,2
1871,4324.0,114.87838745117188,3
1872,40.0,136.12374877929688,0
1873,50.0,804.0086059570312,0
1874,121.0,734.140869140625,0
1875,644.0,374.1956481933594,2
1876,105.0,368.31756591796875,0
1877,957.0,395.4579772949219,2
1878,1325.0,3155.1494140625,2
1879,4090.0,3587.264404296875,3
1880,1876.0,419.69769287109375,2
1881,1287.0,136.8448486328125,2
1882,795.0,230.35365295410156,2
1883,575.0,102.40824890136719,1
1884,463.0,128.32691955566406,1
1885,612.0,548.1288452148438,2
1886,120.0,108.16751098632812,0
1887,1698.0,568.6993408203125,2
1888,1210.0,76.26467895507812,2
1889,5255.0,2074.149658203125,3
1890,6082.0,1940.15771484375,3
1891,1129.0,682.9605712890625,2
1892,189.0,624.6162109375,1
1893,250.0,430.53594970703125,1
1894,484.0,1078.294189453125,1
1895,473.0,112.17466735839844,1
1896,1591.0,623.8411865234375,2
1897,796.0,2291.792724609375,2
1898,428.0,195.969970703125,1
1899,4762.0,403.12567138671875,3
1900,2026.0,245.05819702148438,3
1901,45.0,118.77403259277344,0
1902,336.0,177.68984985351562,1
1903,1609.0,182.23208618164062,2
1904,326.0,261.3758544921875,1
1905,1324.0,1423.8548583984375,2
1906,106.0,103.91602325439453,0
1907,1288.0,610.9305419921875,2
1908,833.0,859.146728515625,2
1909,7969.0,1170.7567138671875,3
1910,222.0,193.54823303222656,1
1911,296.0,128.7718505859375,1
1912,1340.0,353.34375,2
1913,1347.0,284.0552978515625,2
1914,954.0,783.6110229492188,2
1915,1926.0,292.15924072265625,2
1916,657.0,265.59381103515625,2
1917,140.0,141.70556640625,0
1918,12.0,163.8603057861328,0
1919,20.0,205.6354217529297,0
1920,483.0,168.09019470214844,1
1921,2.0,101.43265533447266,0
1922,8.0,78.98149871826172,0
1923,618.0,746.3021850585938,2
1924,0.0,211.28977966308594,0
1925,14.0,169.11141967773438,0
1926,270.0,99.22303771972656,1
1927,16.0,155.82447814941406,0
1928,339.0,718.3805541992188,1
1929,60.0,132.70970153808594,0
1930,5.0,201.64068603515625,0
1931,0.0,98.32587432861328,0
1932,103.0,159.198974609375,0
1933,198.0,199.13900756835938,1
1934,6.0,716.1205444335938,0
1935,0.0,1218.3585205078125,0
1936,11.0,106.15302276611328,0
1937,4.0,491.0643615722656,0
1938,0.0,123.91230773925781,0
1939,0.0,619.9181518554688,0
1940,325.0,125.10692596435547,1
1941,26.0,471.7623596191406,0
1942,425.0,175.3410186767578,1
1943,66.0,189.8098602294922,0
1944,24.0,293.97113037109375,0
1945,4.0,347.7164306640625,0
1946,0.0,180.14569091796875,0
1947,60.0,560.5673828125,0
1948,28.0,738.180419921875,0
1949,0.0,1202.892578125,0
1950,0.0,112.30659484863281,0
1951,68.0,278.3956298828125,0
1952,10.0,223.0203857421875,0
1953,56.0,178.68435668945312,0
1954,644.0,532.882568359375,2
1955,0.0,127.28197479248047,0
1956,198.0,405.389404296875,1
1957,783.0,905.427001953125,2
1958,114.0,548.7945556640625,0
1959,16.0,254.71800231933594,0
1960,95.0,353.3768005371094,0
1961,0.0,196.51177978515625,0
1962,32.0,502.40777587890625,0
1963,553.0,253.4513397216797,1
1964,299.0,193.89833068847656,1
1965,85.0,202.495849609375,0
1966,10211.0,1159.0015869140625,3
1967,17.0,83.24942016601562,0
1968,357.0,475.7580871582031,1
1969,1296.0,416.3343200683594,2
1970,19.0,166.10414123535156,0
1971,16.0,429.97119140625,0
1972,5462.0,348.966552734375,3
1973,4.0,855.73388671875,0
1974,1199.0,638.3007202148438,2
1975,0.0,167.16697692871094,0
1976,24.0,309.81817626953125,0
1977,32.0,220.1453094482422,0
1978,0.0,81.10929107666016,0
1979,0.0,606.3896484375,0
1980,11.0,252.55703735351562,0
1981,0.0,346.3155212402344,0
1982,12.0,217.7847137451172,0
1983,614.0,210.82395935058594,2
1984,84.0,232.478759765625,0
1985,61.0,861.517333984375,0
1986,0.0,259.38470458984375,0
1987,4.0,110.90592193603516,0
1988,136.0,290.7489318847656,0
1989,10.0,162.97047424316406,0
1990,0.0,303.55517578125,0
1991,186.0,305.5928039550781,1
1992,0.0,152.99154663085938,0
1993,9.0,121.46821594238281,0
1994,1962.0,438.2183532714844,3
1995,447.0,227.01654052734375,1
1996,0.0,239.08682250976562,0
1997,34.0,88.52513885498047,0
1998,11.0,110.66277313232422,0
1999,44.0,703.0239868164062,0
2000,104.0,317.0739440917969,0
2001,492.0,204.66506958007812,1
2002,7.0,163.83706665039062,0
2003,0.0,158.7834930419922,0
2004,1707.0,520.9859008789062,2
2005,52.0,178.52310180664062,0
2006,0.0,442.90875244140625,0
2007,24.0,296.6634521484375,0
2008,0.0,198.7762451171875,0
2009,118.0,156.0340576171875,0
2010,0.0,118.08118438720703,0
2011,128.0,317.52557373046875,0
2012,110.0,284.64971923828125,0
2013,154.0,366.03704833984375,1
2014,0.0,866.8101806640625,0
2015,14.0,168.19778442382812,0
2016,4.0,167.51805114746094,0
2017,408.0,229.46371459960938,1
2018,90.0,778.8455200195312,0
2019,33.0,381.1294860839844,0
2020,8.0,82.17393493652344,0
2021,11.0,134.85926818847656,0
2022,1238.0,3621.722900390625,2
2023,919.0,715.459716796875,2
2024,267.0,1190.47412109375,1
2025,1808.0,1256.0423583984375,2
2026,2020.0,2155.883544921875,3
2027,558.0,1036.0634765625,1
2028,406.0,2129.69287109375,1
2029,1463.0,1178.883544921875,2
2030,702.0,1522.699951171875,2
2031,466.0,3030.19580078125,1
2032,133.0,1307.5411376953125,0
2033,3066.0,2279.342529296875,3
2034,7941.0,3327.335693359375,3
2035,1789.0,1148.226806640625,2
2036,714.0,1575.029052734375,2
2037,6039.0,2776.323486328125,3
2038,360.0,1396.2813720703125,1
2039,2790.0,1511.5338134765625,3
2040,2160.0,602.3555908203125,3
2041,3627.0,2125.326904296875,3
2042,417.0,3104.7041015625,1
2043,82.0,1249.1812744140625,0
2044,482.0,1314.207275390625,1
2045,2769.0,2667.196533203125,3
2046,439.0,343.18634033203125,1
2047,974.0,1347.870849609375,2
2048,771.0,2054.743408203125,2
2049,614.0,1030.0352783203125,2
2050,5542.0,1837.8095703125,3
2051,1199.0,3223.298095703125,2
2052,3558.0,3132.18896484375,3
2053,760.0,2369.61865234375,2
2054,4376.0,960.3706665039062,3
2055,223.0,496.9832763671875,1
2056,1918.0,2188.626953125,2
2057,1551.0,1241.0946044921875,2
2058,717.0,1270.033447265625,2
2059,2856.0,1606.382568359375,3
2060,1256.0,1804.44091796875,2
2061,2487.0,2847.56591796875,3
2062,2024.0,774.3121948242188,3
2063,3084.0,1716.5289306640625,3
2064,2919.0,1349.511474609375,3
2065,2119.0,1712.4638671875,3
